year,quarter,bls_wage_goods,bls_wage_private,bls_wage_private_extended,nipa_comp,nipa_wage,nipa_comp_wage_ratio,bls_comp_private,bls_hours_millions,nipa_ndp,productivity,bls_comp_private_cpi_u_rs,productivity_cpi_u_rs,bls_comp_private_c_cpi_u,productivity_c_cpi_u,bls_comp_private_cpi_u_rs_index,bls_comp_private_c_cpi_u_index,productivity_cpi_u_rs_index,productivity_c_cpi_u_index
1947,1,1.06,NA,1.06,128989,118864,1.0851813837663211,1.1502922667923003,NA,215093,NA,14.095263149175834,NA,13.13186003901814,NA,0.4801652579224158,0.47864183672208893,NA,NA
1947,2,1.1,NA,1.1,130787,121260,1.078566716147122,1.1864233877618342,NA,217262,NA,14.329570648424516,NA,13.36494160650914,NA,0.4881471110896253,0.4871374031718131,NA,NA
1947,3,1.1366666666666665,NA,1.1366666666666665,132781,123988,1.070918153369681,1.217276967663537,NA,220070,NA,14.392698462400718,NA,13.44537741555634,NA,0.4902976053910909,0.4900691998301833,NA,NA
1947,4,1.17,NA,1.1745822454308095,136877,128267,1.0671256051829388,1.2534267894924878,NA,229555,NA,14.427787955225657,NA,13.494170689409628,NA,0.49149295415431277,0.49184766092765386,NA,NA
1948,1,1.1966666666666665,NA,1.1966666666666665,140405,131665,1.0663805870960392,1.2761021025582602,124151,235127,1.893879227714638,14.369741220035747,21.32631421083175,13.399072076861732,19.8857318910037,0.48951555044932077,0.48838142122936273,0.454804128115956,0.4537504197085716
1948,2,1.2166666666666666,NA,1.2166666666666666,142070,133378,1.0651681686634977,1.2959546052072555,124430,241481,1.9406975809692197,14.365273127951149,21.512058136417856,13.44157794791184,20.128820641638065,0.4893633416848928,0.48993071341877426,0.4587652956807721,0.4592971917977938
1948,3,1.2633333333333334,NA,1.2633333333333334,146847,138057,1.0636693539624937,1.3437689505059505,125811,247547,1.9676101453767953,14.642410415416093,21.440110872703173,13.687131645572585,20.041346450813947,0.49880422233445376,0.498880875278025,0.4572309511981486,0.45730121543556257
1948,4,1.2866666666666666,NA,1.2917058311575282,147929,139101,1.063464676745674,1.3736835241824428,125348,248407,1.9817388390720234,15.127353122920875,21.823413244976965,14.076118521893584,20.306854007599465,0.5153241437975904,0.5130590185410407,0.46540524233459907,0.4633595373513744
1949,1,1.3,NA,1.3,146267,136742,1.0696567258048002,1.3905537435462403,123903,242785,1.9594763645755147,15.451998276388933,21.773933980307802,14.422755596171676,20.323593269164334,0.5263834140076231,0.5256935581580837,0.46435004950543934,0.46374149196095593
1949,2,1.3,NA,1.3,144680,135005,1.0716640124439836,1.3931632161771788,123059,239095,1.9429298141541862,15.493768144267486,21.607880334145445,14.44982091900842,20.151973255343115,0.527806334542772,0.5266800593693032,0.46080879605598074,0.45982548556357516
1949,3,1.2933333333333334,NA,1.2933333333333334,143608,133983,1.0718374719180792,1.3862431303473826,121301,240635,1.9837841402791403,15.558010952499892,22.264301770876383,14.555552868647517,20.829733472930972,0.5299948119240104,0.5305338724944123,0.474807613491457,0.4752905428658609
1949,4,1.2866666666666666,NA,1.2917058311575282,142780,133202,1.0719058272398312,1.384587007497424,120108,238244,1.9835814433676358,15.57833745747728,22.317774854050388,14.538163578722953,20.827605155360175,0.5306872489081117,0.5299000520269342,0.4759479783351051,0.4752419791521231
1950,1,1.3033333333333335,NA,1.3033333333333332,147004,136870,1.0740410608606707,1.3998335159884074,120482,248423,2.061909662854202,15.776217359538249,23.237859820745648,14.69825191787828,21.650051459969124,0.5374281698263794,0.5357350956889457,0.49556967371732447,0.4940084675041511
1950,2,1.3366666666666667,NA,1.3366666666666667,153616,143042,1.073922344486235,1.4354762004632673,122751,257614,2.0986712939202126,16.07041836050198,23.49500861358019,14.980030779067592,21.900858104038534,0.5474503381260214,0.5460056248651914,0.5010536186393112,0.4997313456278212
1950,3,1.3633333333333335,NA,1.3633333333333335,162303,151025,1.0746763780830988,1.4651421287866249,126152,274582,2.1765964867778553,16.12134755421626,23.949668608390784,15.013293741361739,22.303557975958622,0.5491852776710862,0.5472180232093699,0.5107496795940922,0.5089201065395075
1950,4,1.4133333333333333,NA,1.4188685813751087,170150,158074,1.0763945999974696,1.5272624790982372,127834,285122,2.2304081856157203,16.455612274792276,24.031712177389522,15.372032407965099,22.4492563534458,0.5605722453403723,0.5602936525395698,0.512499337481391,0.5122446359205746
1951,1,1.45,NA,1.45,178566,165333,1.0800384678194916,1.566055778338263,130559,299746,2.2958662367205633,16.212646571598654,23.76803456586519,15.135573175871505,22.18902539012317,0.5522954442402036,0.5516749739347957,0.5068761592318595,0.506306714727831
1951,2,1.4833333333333334,NA,1.4833333333333334,184901,170993,1.0813366629043295,1.6039827166414222,132035,306753,2.3232703449842846,16.441127785254547,23.813962722466293,15.327947196668871,22.201589083248695,0.5600788208061049,0.5586867951374643,0.5078556212716867,0.506593391680937
1951,3,1.5066666666666666,NA,1.5066666666666666,187854,173494,1.0827694329486899,1.6313726123093593,131497,313118,2.3811797987786796,16.747350678840714,24.444723920592402,15.589689963697865,22.754982234396255,0.5705105235082392,0.5682270307466802,0.5213072094799022,0.5192206550863464
1951,4,1.53,NA,1.535992167101828,191495,176605,1.0843124486849183,1.6654954278710372,131820,317133,2.4058033682294035,16.828495406502032,24.308713343601298,15.738931793381303,22.734841829767863,0.5732747769084192,0.5736667310833575,0.5184066533279362,0.5187610935724266
1952,1,1.5466666666666666,NA,1.5466666666666666,196097,181006,1.0833729268643029,1.6756167935501218,132335,320290,2.4202969735897533,16.86754201662591,24.363840856621575,15.747094838832913,22.74544282915011,0.5746049277131755,0.5739642651003661,0.5195823004766429,0.5190029859978798
1952,2,1.56,NA,1.56,197426,182120,1.084043487810235,1.6911078409839666,131830,320854,2.4338466206478038,16.972779291603043,24.427266269331163,15.89267645035208,22.872779567524386,0.5781899110332919,0.5792705545158378,0.5209349083038842,0.5219085415388245
1952,3,1.5766666666666667,NA,1.5766666666666667,201503,185952,1.0836291085871623,1.7085218945390925,132382,326698,2.467843060234775,17.03340726071925,24.603592166349507,15.880851052519104,22.938803527100283,0.5802552463250065,0.5788395317877605,0.5246952273662828,0.5234150689089304
1952,4,1.6233333333333333,NA,1.6296910356832028,209326,193466,1.0819782287326971,1.7632902201700664,134812,339103,2.5153769694092514,17.566436716683167,25.05895504114361,16.389927128466027,23.380635109099106,0.5984132773950489,0.5973947941267223,0.5344062779116189,0.5334967328311502
1953,1,1.65,NA,1.65,213123,197069,1.0814638527622304,1.7844153570576802,135293,345484,2.5535984862483647,17.816395998355905,25.49626221936423,16.677420452500627,23.866324313782794,0.6069283197666777,0.6078736091805224,0.5437322733904092,0.5445791351123982
1953,2,1.6733333333333333,NA,1.6733333333333333,216209,200027,1.0808990786243857,1.8087044582314722,135139,348483,2.5787004491671537,18.0055593740783,25.670829656073906,16.812056193725322,23.969232043897968,0.6133723059577784,0.6127809336780995,0.5474550915982482,0.5469272722585166
1953,3,1.7,NA,1.7000000000000002,216523,200146,1.081825267554685,1.839102954842965,134247,347354,2.587424672432159,18.227403476712006,25.64404202920079,17.001707207542843,23.919616129386423,0.6209295845720417,0.6196935042751138,0.5468838197336456,0.5457951418367027
1953,4,1.71,NA,1.7166971279373369,215129,198715,1.082600709558916,1.8584975288027141,132607,341589,2.575949987557218,18.406089780111525,25.51155759168533,17.181001611377265,23.81353765671102,0.6270166617731545,0.6262285878436497,0.5440584618918041,0.543374655039318
1954,1,1.72,NA,1.72,213112,196401,1.085086124816065,1.866348134683632,131475,340406,2.5891310135006655,18.4161833875554,25.548240798664327,17.253577049439446,23.935390510677347,0.6273605077567563,0.6288738826359928,0.5448407665039205,0.5461550799154535
1954,2,1.7266666666666666,NA,1.7266666666666666,212684,195957,1.0853605637971595,1.8740559068230953,129890.99999999999,340430,2.6208898230054434,18.519354522044356,25.89954100021288,17.32483205166351,24.228986896370973,0.6308751065178966,0.6314710489961904,0.5523325806211064,0.5528543296068199
1954,3,1.73,NA,1.73,213224,196334,1.0860268725742868,1.878826489553516,129454.00000000001,344696,2.662690994484527,18.63480666128907,26.409427457437044,17.368934014839844,24.61542055227272,0.6348080665223625,0.6330785169858774,0.5632063989154175,0.5616719298096197
1954,4,1.74,NA,1.746814621409922,217536,200360,1.0857256937512478,1.8965615166851109,130670.99999999999,352743,2.699474252129394,18.838432338539874,26.813716613450335,17.628694753450127,25.09183444192404,0.6417447213972647,0.642546509841976,0.5718282533666649,0.5725426889835415
1955,1,1.76,NA,1.76,221895,204056,1.0874220802132748,1.9138628611753636,132574,365613,2.757803189162279,18.996286823109518,27.372922817907483,17.69283003727877,25.494691438940418,0.6471221477351352,0.6448841703073803,0.5837538626276403,0.5817350351582083
1955,2,1.7866666666666666,NA,1.7866666666666668,228083,209851,1.0868806915382818,1.9418935022150636,133626,373354,2.7940221214434318,19.302936958965223,27.773321662932165,18.05005927468756,25.970664637023372,0.657568404751891,0.6579047826057245,0.5922927524615712,0.5925957386809123
1955,3,1.82,NA,1.8200000000000003,233910,215246,1.0867100898506825,1.9778123635282425,135466,380906,2.81181994005876,19.645492150329538,27.929639625683144,18.383928034762516,26.13609681989044,0.6692377932601663,0.6700739312314017,0.5956263831140592,0.5963705518394462
1955,4,1.8366666666666667,NA,1.8438598781549174,238391,219451,1.0863062824958647,2.002996569681746,136974,386489,2.8216230817527412,19.837171758075133,27.94464182141455,18.618017295238527,26.2272178254722,0.6757674967014967,0.6786062269806893,0.5959463193431701,0.5984497408154222
1956,1,1.8533333333333335,NA,1.8533333333333333,242828,223282,1.0875395240099963,2.015573251165193,136717,387603,2.8350753746790818,19.932437162476624,28.03666982780583,18.734918580502693,26.352257990869496,0.6790127810918205,0.6828671500888979,0.5979089049449418,0.601302893409475
1956,2,1.89,NA,1.8899999999999997,247491,227501,1.0878677456362829,2.056070039252574,137096,392505,2.8629938145533056,20.229027780354343,28.168097537491978,18.904730469019615,26.324067451649583,0.6891163534071022,0.6890566064169036,0.6007117270511511,0.6006596448193321
1956,3,1.9166666666666665,NA,1.9166666666666665,250420,229953,1.0890051445295343,2.087259860348274,136908,396371,2.895163175270985,20.328161602336984,28.19646274528729,18.986251456964784,26.33514738575372,0.6924934182193978,0.6920279566510317,0.6013166423437158,0.6009124655240289
1956,4,1.96,NA,1.9676762402088774,256363,235367,1.0892053686370646,2.1432035245751035,136866,404431,2.9549413294755453,20.678769010556778,28.51084765927049,19.39143188990559,26.735931922542033,0.7044371112754023,0.7067963372193902,0.6080212025074369,0.610057522531595
1957,1,1.98,NA,1.98,260222,238266,1.0921491106578363,2.1624552391025156,136559,412466,3.020423406732621,20.701515744220742,28.914976633060366,19.359665061649363,27.040737972906253,0.7052119950871522,0.7056384713132491,0.6166396409189626,0.6170125531053022
1957,2,2,NA,2,262057,239617,1.0936494489122224,2.1872988978244448,136039,413606,3.0403487235278117,20.76239566463077,28.859760876360124,19.37810117291344,26.935589472504205,0.7072859132805621,0.7063104472657212,0.6154621118890489,0.6146132863118713
1957,3,2.0266666666666664,NA,2.0266666666666664,264724,241829,1.0946743359977504,2.2185399876221075,136375,420003,3.0797653528872595,20.882472411423457,28.988936586290066,19.452250097655696,27.0035096147486,0.7113764138610756,0.7090130939147222,0.6182169079380825,0.6161630805673195
1957,4,2.04,NA,2.04798955613577,263301,240092,1.096667110940806,2.2459627897643584,133685,414416,3.0999438979691063,21.037757083553707,29.036931063742585,19.692694357676153,27.180435930131186,0.7166662976933743,0.7177770223988458,0.6192404362541516,0.6202001655638569
1958,1,2.0433333333333334,NA,2.0433333333333334,259767,236724,1.0973412074821312,2.2422338672884883,130583,406448,3.112564422627754,20.75760322608622,28.814736162499653,19.360608163744764,26.875492806547257,0.7071226554211333,0.7056728463460181,0.6145019166331532,0.61324200726866
1958,2,2.06,NA,2.06,259426,236276,1.097978635155496,2.261835988420322,129829.00000000001,409976,3.157815280099207,20.79623962340895,29.034237490079956,19.43122735506549,27.128503997215912,0.7084388320323338,0.7082468380989876,0.6191829932094212,0.6190151884915651
1958,3,2.083333333333333,NA,2.083333333333333,267228,243837,1.0959288377071568,2.2831850785565764,130715,422897,3.2352599166124776,21.006861210828735,29.76659960137856,19.614635447599678,27.79382382907992,0.7156138076093852,0.7149318610903551,0.634801318448442,0.6341963824553288
1958,4,2.11,NA,2.1182637075718014,272263,248432,1.0959256456495137,2.321459521376559,132563,435773,3.2872898169172395,21.344442625262378,30.224679019254754,19.943447706371348,28.240807972607197,0.7271137608359286,0.7269167058120918,0.6445703018834339,0.6443956169537248
1959,1,2.14,NA,2.14,279746,254011,1.1013145100015354,2.356813051403286,134142,445866,3.323835935053898,21.625243784795703,30.498287657312112,20.247166668873682,28.554772351144848,0.7366794539177294,0.7379869275192609,0.6504052688095737,0.6515596212416158
1959,2,2.1666666666666665,NA,2.1666666666666665,286458,260556,1.0994104914106757,2.3820560647231304,136905,457531,3.341959753113473,21.797510995521435,30.581313993358116,20.464027101485073,28.710472424474833,0.742547860118754,0.7458912514664435,0.6521758851478103,0.6551123682065941
1959,3,2.17,NA,2.17,286926,260899,1.099758910536261,2.3864768358636863,135754,459245,3.38292057692591,21.74937205585303,30.83055203271423,20.29698548902065,28.771739506754862,0.7409079725808372,0.7398027686497345,0.6574911256559481,0.6565103536793571
1959,4,2.18,NA,2.188537859007833,290187,263902,1.0996013671741782,2.406519221877462,135991,462204,3.398783743041819,21.7847364618444,30.767096086273124,20.36561789260479,28.76284152693599,0.7421126864584289,0.7423043441776914,0.6561378666675637,0.6563073205649864
1960,1,2.23,NA,2.23,298735,270749,1.103365109381752,2.460504193921307,135898,475664,3.500154527660451,22.258480556956574,31.663478441835714,20.822475790348967,29.62071070423098,0.7582511191511211,0.7589563114273832,0.6752540811080837,0.6758820840882113
1960,2,2.236666666666667,NA,2.236666666666667,301716,273398,1.1035779340009804,2.4683359790488595,137256,473492,3.4496998309727807,22.21008054846434,31.040389867611555,20.785344061198565,29.049205012300497,0.7566023381163037,0.7576029007918442,0.6619661189718464,0.6628415307406822
1960,3,2.2566666666666664,NA,2.2566666666666664,302573,273964,1.10442612898045,2.492321631065882,137431,477400,3.4737431874904496,22.410942805294876,31.235880202924463,20.883936425827905,29.107572226213076,0.7634448550907778,0.7611964839059459,0.6661351380826088,0.664173347339398
1960,4,2.263333333333333,NA,2.2721975630983464,302104,273308,1.1053609846766286,2.511598535726224,136208,471372,3.460677786914131,22.4494938083911,30.93267631950635,20.942299555246603,28.85594566441636,0.7647581226863492,0.7633237556997978,0.6596690241317364,0.6584317604241717
1961,1,2.2766666666666664,NA,2.2766666666666664,303112,273789,1.1071007235498869,2.5204993139485756,135881,475522,3.499547398090977,22.469451225339185,31.197354086553094,21.016516338365328,29.180049628199765,0.7654379864217703,0.7660288757118907,0.6653135316581347,0.665827128641042
1961,2,2.3,NA,2.3,307313,277633,1.106903718217935,2.5458785519012506,134516,485360,3.6081953076213984,22.710719391844446,32.18720354164714,21.228134396000133,30.085981462078426,0.7736569597160179,0.7737421208644378,0.6864230217434608,0.686498580519349
1961,3,2.3166666666666664,NA,2.3166666666666664,312320,282252,1.1065289174213115,2.5634586586927046,135497,496703,3.6657859583607015,22.747109453929536,32.52872214137189,21.27045452895751,30.417082513031968,0.7748966133047429,0.7752846431049168,0.6937062338094401,0.6940536074934422
1961,4,2.3466666666666667,NA,2.3558572671888602,318939,288403,1.105879619837519,2.605294539030273,137169,508835,3.709548075731397,23.087945490854075,32.87376628059401,21.617590297026805,30.780201350337105,0.786507437582876,0.7879373595614534,0.7010646313904311,0.7023392127572764
1962,1,2.3633333333333333,NA,2.3633333333333333,325482,293276,1.10981464558982,2.622861945743941,138879,521311,3.7537064639002296,23.1826597814312,33.177842247154885,21.65770956170118,30.99541114123442,0.7897339478851376,0.7893996625767632,0.7075493433516988,0.7072498458423593
1962,2,2.38,NA,2.38,331427,298747,1.109390219818107,2.6403487231670946,139767,526837,3.7693947784527104,23.245761227674247,33.18593874511044,21.696778638199167,30.974591875111404,0.7918835439508444,0.7908236873895825,0.7077220089448748,0.7067747941423201
1962,3,2.3966666666666665,NA,2.3966666666666665,334241,301175,1.1097899892089318,2.6597966741374064,139430,534478,3.8333070357885677,23.340754798631576,33.63876662460554,21.85659006138999,31.49978390278432,0.7951195681397482,0.7966486377696466,0.717378998281352,0.7187585674472389
1962,4,2.4066666666666667,NA,2.4160922541340297,337658,304234,1.1098628029740265,2.6815309214170284,138682,536672,3.86980285833778,23.485610974516,33.892834780724456,21.929250467934448,31.64680125977194,0.8000541977609955,0.7992970295695956,0.7227972456673445,0.7221131931559239
1963,1,2.43,NA,2.43,342654,307962,1.1126502620453174,2.7037401367701213,139339,545154,3.912429398804355,23.61873836910205,34.177340159743295,22.005081208832422,31.842308169216306,0.8045892780274244,0.8020609765653417,0.7288645960575606,0.7265742480822673
1963,2,2.45,NA,2.45,347560,312356,1.1127047343415846,2.7261265991368826,140173,552226,3.9396032046114446,23.75272167405691,34.325734709087044,22.187279163310226,32.06346914375152,0.8091535154950101,0.8087018913572408,0.732029252311062,0.7316206746140416
1963,3,2.4733333333333336,NA,2.4733333333333336,352644,316845,1.1129858448137102,2.75278498950591,140529,565941,4.027218581218111,23.81565396248406,34.84138591542935,22.297558414997873,32.6204705078667,0.8112973490782829,0.8127214486342204,0.7430260094156412,0.7443302698218422
1963,4,2.49,NA,2.4997519582245435,358774,322240,1.1133751241310825,2.783161646785168,141222,574415,4.067461160442424,24.0321818302481,35.12191478642116,22.43676758853825,32.7902911559837,0.8186735263352779,0.8177954697031283,0.7490085569539299,0.7482052184926091
1964,1,2.5033333333333334,2.5033333333333334,2.5033333333333334,365175,328222,1.1125853842825892,2.7851720786540817,142442,589205,4.136455539798655,23.94217758174641,35.55821697764418,22.452974908960154,33.346497029372095,0.8156074669975738,0.8183862086838999,0.7583131201200058,0.760896662281436
1964,2,2.5233333333333334,2.5233333333333334,2.5233333333333334,372622,334833,1.1128592462511162,2.80811483137365,143997,596919,4.145357194941561,24.108649561837854,35.58934371376899,22.531147774370655,33.26062541790375,0.8212784545067454,0.8212355235388203,0.7589769276558224,0.7589372533967955
1964,3,2.55,2.55,2.55,380011,341409,1.1130667322771222,2.8383201673066614,144699,609086,4.209331094202448,24.30604671863182,36.04674321394841,22.773502851833165,33.773925430369644,0.8280029303609382,0.8300690992143842,0.7687314111930722,0.770649676020686
1964,4,2.5533333333333332,2.5633333333333335,2.5633333333333335,386093,346687,1.1136644869868209,2.854693301642884,145716,613080,4.207362266326278,24.353424691673695,35.893060751779686,22.6908098415633,33.44263184589252,0.8296168950244375,0.8270550300572319,0.7654539851211136,0.7630902558380546
1965,1,2.5933333333333333,2.5933333333333333,2.5933333333333333,392930,352814,1.1137029709705397,2.8882030380502663,147472,632175,4.286745958554844,24.561570189198452,36.45492036300363,22.850387756853504,33.91513895582228,0.8367075208216727,0.8328714693314732,0.7774361808291975,0.7738718705465837
1965,2,2.6166666666666667,2.6166666666666667,2.6166666666666667,399925,358877,1.1143790212245421,2.9159584388708852,149053,643044,4.314196963496206,24.642134042345244,36.458345373646,22.96317270610822,33.974301087532616,0.8394519863145156,0.8369823565253274,0.7775092224698481,0.7752218254912424
1965,3,2.6366666666666667,2.64,2.64,408340,366215,1.1150280572887512,2.9436740712423033,149204,660550,4.427160129755235,24.783124800921303,37.272761642080454,23.181433311033135,34.863886021822474,0.8442549377202372,0.8449377152113727,0.7948774313983583,0.7955202756319213
1965,4,2.6633333333333336,2.6666666666666665,2.6666666666666665,420463,377121,1.1149286303335004,2.973143014222668,150920,681366,4.514749536178107,24.92226037854934,37.844719526209396,23.305604917938975,35.389810880363875,0.8489946910551621,0.8494636335368462,0.8070749824725233,0.8075207705901326
1966,1,2.6866666666666665,2.69,2.69,433109,385763,1.1227333881165378,3.0201528140334863,152953,703424,4.598955234614555,25.08234120786036,38.19428071926654,23.351272439413457,35.55828570036071,0.8544479594249019,0.8511281644024009,0.8145297105638303,0.8113650103044614
1966,2,2.7233333333333336,2.72,2.72,444412,395903,1.1225274877937272,3.053274766798938,154139,710643,4.61040359675358,25.094567427855416,37.89245736624481,23.500544698303138,35.48550460668705,0.8548644543860255,0.8565689738501351,0.808093037749249,0.8097042993996637
1966,3,2.756666666666667,2.75,2.75,455669,406132,1.1219726591354535,3.085424812622497,155018,723350,4.666232308506109,25.174601119454383,38.072727170916366,23.535011687313308,35.59309935770803,0.8575908595451479,0.8578252576421561,0.8119374644293004,0.812159384467782
1966,4,2.7866666666666666,2.7766666666666664,2.7766666666666664,463804,413485,1.1216948619659721,3.1145727333921824,155486,735002,4.727126558018085,25.18375877228148,38.22251882155115,23.546169864444895,35.73707677861672,0.8579028215628236,0.8582319609104566,0.8151319152093325,0.8154446452529498
1967,1,2.813333333333333,2.8066666666666666,2.8066666666666666,470007,418841,1.122160915478666,3.1495316361101224,156077,743902,4.766249991991133,25.40546793724018,38.44660900182435,23.705103154970434,35.87341255034034,0.8654555034283183,0.8640249043219307,0.8199108534755021,0.8185555397364902
1967,2,2.84,2.8333333333333335,2.8333333333333335,475649,423604,1.1228623903457002,3.1814434393128175,155256,746633,4.809044416962951,25.57106506767887,38.653017111653924,23.83980304084186,36.03605530067833,0.8710966885560295,0.8689345668212408,0.8243127046111016,0.8222667039336604
1967,3,2.89,2.873333333333333,2.873333333333333,485272,432009,1.1232914129103793,3.2275906597624893,156211,760614,4.869144938576668,25.66648643241215,38.72047470623888,23.974374289327486,36.167753452047656,0.8743472858470168,0.8738395406295025,0.8257513025885443,0.8252717777114935
1967,4,2.9266666666666667,2.9066666666666667,2.9066666666666667,496236,441583,1.1237660870096902,3.2664134262414994,156987,774455,4.933242879983693,25.702268868831972,38.81796893129025,24.052680684141947,36.3266066616981,0.8755662402312506,0.8766937224841457,0.8278304605519167,0.8288964725905164
1968,1,2.993333333333333,2.9533333333333336,2.9533333333333336,510872,454210,1.1247484643667027,3.3217571314296626,157293,799891,5.085356627440509,25.970977015394674,39.75958351581823,24.25025270627406,37.12528593680818,0.8847199761448421,0.8838950051110722,0.8479112957072011,0.8471206475054808
1968,2,3.043333333333333,3,3,523992,465923,1.124632181712429,3.3738965451372867,158595,822398,5.185522872726127,26.121051999945717,40.14684824898074,24.42126818416393,37.53435917662613,0.8898323882298104,0.8901283309462472,0.8561700879942704,0.8564548352173705
1968,3,3.0866666666666664,3.0466666666666664,3.0466666666666664,537821,478330,1.124372295277319,3.4255875929448982,159656,836292,5.238086886806634,26.23494043483198,40.11600747003786,24.48287603192971,37.43691510276506,0.8937120795227496,0.8923738691505451,0.8555123787699352,0.8542313671722956
1968,4,3.1433333333333335,3.0966666666666667,3.0966666666666667,550317,489423,1.1244199802624724,3.4819538722127894,160284,850580,5.306705597564323,26.38181913634412,40.20746753770069,24.678348069308143,37.61127592273714,0.8987156079314412,0.8994986096458464,0.8574628525329868,0.8582099129797474
1969,1,3.2,3.14,3.14,562766,499068,1.1276339096075083,3.5407704761675762,162275,872872,5.378967801571407,26.588326043600425,40.391703062607796,24.887812313888624,37.80836458873125,0.9057504139748659,0.9071333506844892,0.8613918520049539,0.8627070602512082
1969,2,3.26,3.1933333333333334,3.1933333333333334,576719,511382,1.127765545130646,3.60133130745053,162756,885514,5.440745656074124,26.686280754879437,40.31655343497697,24.90188843078598,37.62076569504912,0.9090873115345793,0.9076464096438177,0.8597892140369023,0.8584264495494397
1969,3,3.3266666666666667,3.24,3.24,593435,526431,1.12727973846525,3.6523863526274103,163374,903631,5.531057573420496,26.784828970111462,40.56209196525292,25.051246717013004,37.93681021124299,0.9124444272325183,0.9130903546932588,0.8650255589616296,0.8656379181871335
1969,4,3.39,3.2966666666666664,3.2966666666666664,604917,536451,1.127627686405655,3.7174126061839754,162984,908858,5.576363324007264,26.89586930689952,40.34557232651311,25.092535091741833,37.640452437049035,0.9162270960191417,0.9145952704825497,0.8604080697629087,0.8588756594399339
1970,1,3.4266666666666667,3.3333333333333335,3.3333333333333335,614953,545098,1.1281512682123214,3.7605042273744047,161773,918962,5.680564741953231,26.83315853932218,40.5337915070342,25.0847752578975,37.89270833749979,0.9140908087026436,0.9143124330845822,0.8644220245159583,0.8646316065346081
1970,2,3.486666666666667,3.3766666666666665,3.3766666666666665,620233,549066,1.1296146547045347,3.8143321507189785,160636,932103,5.802578500460669,26.932102178911006,40.97064201556279,25.14798057508908,38.25653499722325,0.9174613948151653,0.916616197290208,0.8737382810750708,0.8729333628116991
1970,3,3.5566666666666666,3.4333333333333336,3.4333333333333336,628194,555722,1.13041052900551,3.8810761495855846,159278,947732,5.950175165434021,27.17559762091641,41.6635901583819,25.391194347865685,38.92787675539719,0.9257562418482478,0.9254810714643169,0.8885160655908944,0.8882519644205806
1970,4,3.5933333333333333,3.4733333333333336,3.4733333333333336,630007,556354,1.1323851360824224,3.933151039326281,158490,947097,5.975752413401477,27.187150184143047,41.30623937448129,25.438364706821307,38.649258004547185,0.9261497882079486,0.9272003791010321,0.8808952169952695,0.8818944727361
1971,1,3.69,3.5466666666666664,3.5466666666666664,647901,570513,1.1356463393472191,4.027759016884803,158863,990510,6.234994932740789,27.558458775934145,42.66065822254472,25.756458976394924,39.871151806737146,0.9387986819433314,0.9387945649198806,0.9097794994459351,0.9097755096836927
1971,2,3.76,3.6033333333333335,3.6033333333333335,659794,580449,1.136695902654669,4.0958942358989905,159332,1008674,6.330642934250496,27.65959839964053,42.75086979497116,25.900059833695845,40.03131461397804,0.9422440758312767,0.9440286580254388,0.9117033478492629,0.9134300868149541
1971,3,3.8133333333333335,3.6533333333333333,3.6533333333333333,670109,588790,1.1381120603271115,4.157902727061714,159168,1027315,6.454281011258544,27.91054325600839,43.32532557308462,26.098127449195477,40.51192619981838,0.9507926925124219,0.95124800448483,0.9239541689111306,0.9243966285538838
1971,4,3.8666666666666667,3.7033333333333336,3.7033333333333336,682175,598442,1.139918321240822,4.221497516328511,160019,1037198,6.481717796011724,28.127318350267917,43.186887875651024,26.303176832508413,40.3860878059192,0.9581772917174655,0.9587218286922173,0.9210018520852025,0.9215252620706096
1972,1,3.96,3.82,3.82,708353,618471,1.1453293687173691,4.375158188500349,162325,1074667,6.62046511627907,28.89405057461843,43.72231714959607,26.964290139996717,40.80221435793731,0.9842965753637746,0.9828186806870911,0.9324203954723507,0.9310203914762071
1972,2,4.023333333333333,3.873333333333333,3.873333333333333,722472,630373,1.1461023869994431,4.439236578977843,163015,1107417,6.79334417078183,29.131679575483126,44.5800808558755,27.260438342387403,41.716528644403944,0.9923915778679822,0.9936129565256281,0.9507130301352024,0.9518831132258383
1972,3,4.076666666666667,3.92,3.92,735743,642325,1.1454372786362044,4.490114132253921,164030,1127861,6.875943424983235,29.322794761943122,44.90350844251406,27.473683953107624,42.071869661498134,0.9989020538930303,1.001385524195766,0.9576104339760914,0.9599912450527138
1972,4,4.153333333333333,3.986666666666667,3.986666666666667,758765,663970,1.1427700046688856,4.555843085279958,165189,1162470,7.037211920890616,29.438259322381857,45.47199399889004,27.4804577590823,42.44786339515935,1.0028354370343877,1.0016324219637658,0.9697339343267883,0.9685706282703741
1973,1,4.226666666666667,4.046666666666667,4.046666666666667,785410,683351,1.1493507728824572,4.651039460931011,167054,1207000,7.2252086151783255,29.47407658386888,45.78682977150383,27.565916805030135,42.82257788995935,1.004055577759536,1.004747310075233,0.9764481094837221,0.9771208219579046
1973,2,4.293333333333333,4.1033333333333335,4.1033333333333335,803214,700188,1.1471404822704758,4.707099778916519,168630,1238493,7.344440491015834,29.22478024874057,45.599130989591174,27.326883016849827,42.63786100756973,0.9955631191378608,0.9960347917363751,0.9724452527306852,0.9729059726694324
1973,3,4.37,4.17,4.17,820407,716164,1.145557442150122,4.776974533766008,169619,1252597,7.384768215824878,29.148410928307843,45.060792567271854,27.267227120590537,42.15265347355073,0.992961543413105,0.9938604000148666,0.9609646689610855,0.9618345610958666
1973,4,4.443333333333333,4.233333333333333,4.233333333333333,841697,735343,1.1446318248762821,4.845608058642927,170164,1288681,7.573170588373569,28.912771590282432,45.18759024377483,27.024194451644654,42.235944822371934,0.9849343202018623,0.9850021268759438,0.9636687511638965,0.9637350938342575
1974,1,4.5,4.293333333333333,4.293333333333333,858334,748181,1.1472277430194031,4.925431110029971,170453,1296900,7.608548984177457,28.567076562863157,44.128929327765896,26.682032860385288,41.21701217224794,0.9731579709243408,0.9725307136862262,0.9410917906016567,0.9404852018925034
1974,2,4.61,4.390000000000001,4.390000000000001,878489,765297,1.1479059763725716,5.03930723627559,169789,1327931,7.821066146805741,28.515878353383155,44.25699017329747,26.62068822641235,41.315632036386845,0.971413867164095,0.9702947693348085,0.9438228110968999,0.9427354989894322
1974,3,4.756666666666667,4.49,4.49,900196,783131,1.1494832920673552,5.161179981382425,169732,1348845,7.9469104234911505,28.52297866709869,43.91816547693203,26.68439862714743,41.087217721454245,0.9716557444480072,0.9726169432793625,0.9365970491067493,0.9375235665427818
1974,4,4.886666666666667,4.576666666666666,4.576666666666666,913838,792519,1.1530802416093495,5.277263905765456,168116,1379722,8.206964238977848,28.39610386659185,44.16034769548201,26.558064803866987,41.301911747045324,0.9673336632875158,0.9680122145482151,0.9417618174611829,0.9424224309524416
1975,1,4.986666666666667,4.64,4.64,918380,791920,1.1596878472572987,5.380951611273866,164323,1387372,8.442956859356268,28.44307716406292,44.62847666951496,26.530430987758972,41.62744816743482,0.9689338423871859,0.9670049923833214,0.9517451173308218,0.9498504848049117
1975,2,5.0633333333333335,4.693333333333333,4.693333333333333,931175,800367,1.163435024182656,5.460388380163932,163483,1416075,8.661909801019066,28.527354641949476,45.25344271625426,26.690001823732327,42.33881773429147,0.9718048151727359,0.9728211736242598,0.9650731183711975,0.9660824365026582
1975,3,5.1433333333333335,4.7700000000000005,4.7700000000000005,955990,821293,1.1640060246465025,5.552308737563817,164473,1467688,8.923580162093474,28.445294364736863,45.71681376087341,26.60416102139733,42.7577742414676,0.9690093729198338,0.9696923709128967,0.9749549508275134,0.975642139510462
1975,4,5.22,4.8500000000000005,4.8500000000000005,983379,845772,1.1626998765624779,5.639094401328018,166548,1514441,9.093120301654778,28.393482792491728,45.78489672992333,26.570912954733956,42.84597682303262,0.9672443745166713,0.9684805154980558,0.9764068855159075,0.9776547362116482
1976,1,5.326666666666667,4.926666666666667,4.926666666666667,1014715,871218,1.1647084885757641,5.738130487049932,168700,1568560,9.29792531120332,28.5403176512716,46.24602777480058,26.668196607846813,43.21248894633018,0.9722464093912143,0.972026397518624,0.9862409478268752,0.9860177690980457
1976,2,5.42,5.006666666666667,5.006666666666667,1035504,889382,1.1642961067347888,5.829242507718843,169014,1595633,9.440833303749985,28.738975772327098,46.544620373535494,26.871386194118568,43.519938888018224,0.9790138408982006,0.9794324341719957,0.9926087217041135,0.9930331276900741
1976,3,5.546666666666667,5.1033333333333335,5.1033333333333335,1058375,908452,1.1650312839863857,5.945542985943855,169693,1623866,9.569434213550352,28.86886668138949,46.464842854627236,26.968982984241325,43.406953592664394,0.9834386679618492,0.9829897296917268,0.9909073895108601,0.990455041780604
1976,4,5.6466666666666665,5.2,5.2,1084794,929928,1.166535473714094,6.065984463313289,170804,1664685,9.746171049858317,29.00440034799568,46.60114919511892,27.081993627548304,43.51243295487926,0.9880557196120652,0.9871088431852363,0.9938142531034687,0.9928618581420998
1977,1,5.77,5.293333333333333,5.293333333333333,1113279,950043,1.1718195913237612,6.202831703407109,171788,1711111,9.960596782080238,29.10127689879026,46.73125096611888,27.19334208117395,43.66746166576929,0.9913558888608837,0.9911673716953778,0.996588798294026,0.9963992860335547
1977,2,5.886666666666667,5.3933333333333335,5.3933333333333335,1150291,980908,1.1726798027949614,6.324653069740825,175152,1770249,10.106929980816663,29.21521546505709,46.68653502790534,27.305164648804933,43.63423324205366,0.9952372879152901,0.9952431811388872,0.9956351879752882,0.9956410835550208
1977,3,5.996666666666667,5.483333333333333,5.483333333333333,1182109,1007506,1.173302193733834,6.4336070289738565,176732,1824718,10.324774234434058,29.366267911797703,47.12754212866125,27.427482597204335,44.01614278890309,1.0003829979514494,0.9997015356531762,1.0050400878548165,1.0043554531403833
1977,4,6.1066666666666665,5.58,5.58,1217622,1038175,1.1728485081994846,6.544494675753124,178285,1861905,10.443419244468126,29.463341260680146,47.01631529598727,27.554914464000156,43.97093102683238,1.0036898712684088,1.0043462868612187,1.0026680688478147,1.0033238161793807
1978,1,6.233333333333333,5.693333333333333,5.693333333333333,1250911,1063845,1.1758395254947853,6.694446365150311,179049,1891162,10.562259493211355,29.692149574156318,46.84721806811316,27.7737884563919,43.82049609256711,1.0114843907245072,1.012324002844926,0.9990619080958995,0.9998912085722864
1978,2,6.3966666666666665,5.823333333333333,5.823333333333333,1299127,1106042,1.1745729366515918,6.8399297344344365,183553,2009634,10.948521680386591,29.69256453798447,47.52822020287629,27.76782930375412,44.44733980510165,1.0114985267652086,1.0121067982939043,1.0135849325193482,1.0141944587223553
1978,3,6.543333333333333,5.93,5.93,1336859,1137996,1.1747484173933826,6.966258115142759,185026,2063074,11.150184298422925,29.705217695036147,47.54613545031402,27.750831507863776,44.41794728716017,1.0119295656436567,1.0114872473528338,1.0139669923732146,1.0135237835153605
1978,4,6.7,6.056666666666667,6.056666666666667,1380158,1174396,1.1752066594232269,7.117835000573344,186579,2133747,11.436158410110462,29.767700270781294,47.82748346567761,27.83318927810404,44.71932288643194,1.014058079441576,1.0144890973800964,1.0199670089517756,1.0204005384373835
1979,1,6.84,6.176666666666667,6.176666666666667,1422516,1208565,1.1770289558277793,7.2701155171629175,187587,2171831,11.57772660152356,29.713125244341715,47.31842839961676,27.789812347627244,44.255534717284434,1.0121989419874438,1.0129080560338521,1.0091109208723257,1.0098178715503903
1979,2,6.973333333333334,6.266666666666667,6.266666666666667,1454749,1234381,1.178525106915936,7.385424003339865,187895,2224022,11.836515074908858,29.40860565465821,47.13275825544949,27.489291531030872,44.056700530459445,1.0018252635555263,1.001954403222939,1.0051513267671113,1.0052808951786496
1979,3,7.113333333333333,6.403333333333333,6.403333333333333,1496720,1269386,1.1790897331465764,7.550104591248577,189781,2287257,12.05208635216381,29.285715046169663,46.74822214124202,27.383215159304545,43.711298262325464,0.9976389067563205,0.9980880362920513,0.9969507248992836,0.9973995446207158
1979,4,7.243333333333333,6.51,6.51,1534939,1300925,1.179882775717278,7.68103686991948,190363,2330674,12.243314089397625,29.049577993727464,46.30404899298277,27.16308464809363,43.297042133192015,0.9895947285461693,0.9900645215811497,0.9874783060167013,0.9879470943165765
1980,1,7.37,6.63,6.63,1573594,1333777,1.1798029205781777,7.822093363433318,189737,2383093,12.55998039391368,28.689522842372163,46.066932171309524,26.825364538709824,43.07364243961123,0.9773291913378823,0.9777549955145334,0.9824215621144683,0.9828495849424856
1980,2,7.55,6.766666666666667,6.766666666666667,1599170,1353879,1.1811764566848293,7.9926273569006785,187525,2376384,12.672358352219703,28.62184488407658,45.380105799566785,26.762714830881997,42.43244401008999,0.975023693103707,0.9754714826583413,0.9677743302449854,0.9682187904559442
1980,3,7.753333333333333,6.906666666666667,6.906666666666667,1628599,1377302,1.182455990044304,8.166829371239325,186748,2421120,12.96463683680682,28.562712271648902,45.3425894974881,26.714955308611714,42.409321652708464,0.973009298211078,0.9737307006676336,0.9669742590799284,0.9676911870755895
1980,4,7.973333333333334,7.08,7.08,1687627,1428729,1.1812086126900203,8.362956977845345,189001,2534920,13.412204168231915,28.55225357253734,45.7910587597766,26.689286715412628,42.803300732012175,0.9726530151177233,0.9727951087135328,0.9765382967193218,0.9766809579107948
1981,1,8.156666666666666,7.233333333333333,7.233333333333333,1739612,1467662,1.1852947068194175,8.573631712660454,189622,2658664,14.020862558141987,28.478063542373153,46.571514642975806,26.612677998604802,43.52096206459766,0.9701256784804402,0.9700028053526326,0.99318226782386,0.9930564744195232
1981,2,8.32,7.37,7.37,1774750,1496683,1.185788841057191,8.739263758591498,189160,2682100,14.179001903150771,28.501460489246266,46.242140491790295,26.640658876996667,43.22308644670155,0.9709227122719365,0.971022677555564,0.9861580477841039,0.9862595816834576
1981,3,8.506666666666666,7.51,7.51,1815085,1530569,1.1858890386516387,8.906026680273806,189216,2766092,14.618700321325893,28.473513667791895,46.737538337559705,26.624167632945067,43.7019494667405,0.9699706837365534,0.9704215898711662,0.9967228825271484,0.997186224842309
1981,4,8.67,7.62,7.62,1840652,1550577,1.187075520918987,9.04551546940268,188804,2772393,14.68397385648609,28.414006761146293,46.1256778400317,26.52831347147234,43.064550913591106,0.9679435382426913,0.9669278112466271,0.9836743699076784,0.9826421355124102
1982,1,8.86,7.7299999999999995,7.7299999999999995,1864663,1567538,1.1895488339038671,9.195212486076892,185670,2752375,14.824015726827167,28.525263314115172,45.986860295029544,26.645752025241553,42.95681559000513,0.9717335725887322,0.9712083172001678,0.9807139524676204,0.9801838428751303
1982,2,8.946666666666667,7.819999999999999,7.819999999999999,1884363,1581739,1.1913236001641232,9.316150553283443,187090,2798094,14.955871505692448,28.604189819523356,45.92031709002927,26.72305580292603,42.90040038985304,0.9744222606554358,0.9740259547645734,0.9792948547260698,0.9788965671094073
1982,3,9.063333333333333,7.926666666666667,7.926666666666667,1904756,1596438,1.1931287027745519,9.457533517326281,185868,2823573,15.191280909032216,28.550525034723613,45.85963614173465,26.678713951860704,42.853016295628194,0.9725941312362113,0.9724097431255136,0.9780007752377179,0.977815362114797
1982,4,9.123333333333333,7.983333333333333,7.983333333333333,1918147,1604354,1.1955883801205969,9.544780567962766,184770,2853260,15.442225469502626,28.507444554746318,46.12137316716727,26.615855321483057,43.061025448563875,0.9711265637590529,0.9701186152724603,0.9835825686254889,0.9825616918433241
1983,1,9.23,8.083333333333334,8.083333333333334,1947207,1622449,1.200165305658298,9.70133622073791,185813,2921105,15.720670781915151,28.802711656239268,46.67377124877408,26.92002106276539,43.622938009849385,0.9811850495385579,0.9812051215741371,0.9953629881295075,0.9953833502022084
1983,2,9.263333333333334,8.163333333333334,8.163333333333334,1986295,1654672,1.2004161549841903,9.799397211854274,187379,3019767,16.115824078471974,28.75186656913012,47.284543481437474,26.84182714551388,44.14334421494497,0.9794529751453757,0.9783550394027956,1.0083882924557854,1.0072579211395694
1983,3,9.343333333333334,8.23,8.23,2029635,1691405,1.1999698475527742,9.875751845359332,190769,3123010,16.370636738673475,28.701004554462795,47.576501207542,26.834910365744765,44.48315190492585,0.9777203241027723,0.9781029303974411,1.0146145713033627,1.0150116152351223
1983,4,9.44,8.316666666666666,8.316666666666666,2086815,1741526,1.1982680706460886,9.965596120873304,193048,3221774,16.688978906800383,28.69606283128632,48.05613046032095,26.821960445578306,44.917647342511785,0.977551980755188,0.9776309200687091,1.024843125659851,1.0249258838296451
1984,1,9.543333333333333,8.39,8.39,2143849,1784009,1.2017030183143695,10.082288323657561,196248,3325808,16.946965064612122,28.6344636145344,48.13066626757412,26.75502720521297,44.97158748035136,0.9754535592155211,0.975191277168843,1.0264326733189573,1.0261566838986593
1984,2,9.623333333333333,8.459999999999999,8.459999999999999,2195159,1828142,1.2007595690050334,10.158425953782581,198531,3418108,17.21699885660174,28.591652418257553,48.458535725231755,26.70708276257213,45.2644745828123,0.9739951650809325,0.9734437550342755,1.0334248043244216,1.0328397492440693
1984,3,9.7,8.523333333333333,8.523333333333333,2241610,1867050,1.2006159449398783,10.233249904037564,199506,3481074,17.448467715256683,28.581428814032805,48.73350524947054,26.697481728171617,45.521232490263216,0.9736468906636678,0.9730938079036908,1.039288793455106,1.0386984226340115
1984,4,9.79,8.576666666666666,8.576666666666666,2282869,1900457,1.2012210747204488,10.302472750852383,200446,3531882,17.620117138780518,28.532367004055736,48.79834783513923,26.67352534124795,45.61920738670572,0.9719755648861738,0.9722206239827307,1.0406716238564726,1.040934002929741
1985,1,9.91,8.636666666666667,8.636666666666667,2323513,1932147,1.2025549815826642,10.386066524268943,201752,3606518,17.875996272651573,28.51197366204095,49.07343253748892,26.646605064527105,45.86285016558118,0.9712808510504124,0.9712394095427012,1.0465380692709665,1.0464934167737805
1985,2,9.983333333333334,8.709999999999999,8.709999999999999,2363643,1963626,1.203713436265358,10.484344029871268,202886,3660325,18.041289196888894,28.537656134619315,49.107135921822575,26.657502533349813,45.87179809253813,0.9721557429157974,0.9716366102802527,1.0472568263039395,1.0466975895763955
1985,3,10.043333333333333,8.766666666666667,8.766666666666667,2406422,1997416,1.2047675596871157,10.561795606590382,203853,3741607,18.354436775519616,28.575359891857033,49.65866184207726,26.694820693625914,46.390634405882416,0.9734401484729758,0.9729968161250128,1.059018646129673,1.0585363388982911
1985,4,10.106666666666667,8.823333333333332,8.823333333333332,2455720,2037011,1.2055506818568973,10.63697551625069,204719,3786916,18.498116931012753,28.50413379394494,49.56980479386102,26.647268561329046,46.34064344573297,0.971013780315616,0.971263593270444,1.0571236842557443,1.0573956507268034
1986,1,10.14,8.873333333333333,8.873333333333333,2491109,2063537,1.2072034569770254,10.711918674909471,204698,3839705,18.757901884727744,28.557348065487492,50.00746825637763,26.677853098127393,46.71623880808477,0.9728265626773186,0.9723783659549653,1.0664572778392516,1.06596594395221
1986,2,10.173333333333334,8.9,8.9,2517187,2081804,1.2091373635558391,10.761322535646968,204711,3865423,18.882341447210948,28.854558674753427,50.62961614620178,26.958777073837247,47.30318527497175,0.982951255444321,0.982617735496943,1.0797251789774118,1.0793588231862359
1986,3,10.213333333333333,8.93,8.93,2555233,2111468,1.2101689440711392,10.806808670555272,205830,3916716,19.028887917213233,28.810319238610468,50.72990115429533,26.914175034574697,47.39112495926751,0.9814442072933848,0.9809920402846314,1.0818638530688738,1.081365421126757
1986,4,10.276666666666667,8.993333333333334,8.993333333333334,2604724,2152531,1.2100750233097688,10.882608042965854,207408,3955506,19.07113515389956,28.82426288291153,50.51283763792734,26.945147425159995,47.219797520790614,0.9819192075464016,0.982120949812556,1.0772347651574998,1.077456090681059
1987,1,10.303333333333333,9.046666666666667,9.046666666666667,2647757,2192652,1.207559156674201,10.924385170712606,209779,4009556,19.11323821736208,28.60885714319705,50.0538834139933,26.737236223571426,46.7793067737164,0.9745812563869711,0.9745428154806515,1.0674471256433338,1.0674050217810962
1987,2,10.356666666666667,9.1,9.1,2692023,2229890,1.2072447519832816,10.985927243047863,210830,4082390,19.3634207655457,28.471315767937345,50.18257037084994,26.581880854088784,46.852316816775584,0.9698958107001737,0.9688802833509403,1.0701914985637775,1.0690709568275216
1987,3,10.403333333333332,9.163333333333332,9.163333333333332,2740263,2270785,1.2067470059913201,11.057825064900461,212225,4148480,19.547555660266227,28.390176009484442,50.186952903757806,26.52942233483171,46.89759122441869,0.9671317265796457,0.9669682280949201,1.0702849602861546,1.0701040232282313
1987,4,10.48,9.256666666666666,9.256666666666666,2809576,2331739,1.2049273096174142,11.153610462691864,214274,4258908,19.875990554150295,28.398095093808774,50.60605906297541,26.53467328257183,47.28539850714637,0.9674014958721279,0.9671596193573456,1.0792228015580505,1.078952966695247
1988,1,10.546666666666667,9.296666666666667,9.296666666666667,2857560,2366183,1.2076665245249416,11.227273123000208,214727,4309570,20.069995855202187,28.38724712528978,50.74535249151572,26.52443275308799,47.415365207915166,0.9670319520369592,0.9667863633352293,1.0821933676715039,1.0819185324257525
1988,2,10.65,9.393333333333333,9.393333333333333,2923125,2421533,1.2071382054260669,11.339051542968853,217403,4412356,20.295745688881937,28.371835111876216,50.782690948661525,26.494130047513764,47.42179040767606,0.9665069307360082,0.9656818630884554,1.0829896461226,1.082065141919645
1988,3,10.73,9.473333333333333,9.473333333333333,2975841,2462854,1.2082896509496706,11.446530626663211,217958,4491463,20.607011442571505,28.3304785745122,51.00292090239099,26.454549722763755,47.62571530409529,0.9650980906015597,0.9642392038398713,1.0876862613511273,1.0867182775370023
1988,4,10.83,9.58,9.58,3035418,2508558,1.2100250422752832,11.592039904997213,220329,4594375,20.852339002128634,28.424432577670995,51.131285684862995,26.574204687870967,47.803003561483564,0.9682987011671188,0.9686004955458188,1.0904237635934662,1.0907636212859908
1989,1,10.913333333333334,9.676666666666666,9.676666666666666,3079060,2540806,1.2118438007466923,11.726608511892158,222509,4692825,21.090495215923852,28.47468134242378,51.21217528651371,26.595948104971413,47.833243149715294,0.9700104614111419,0.9693930191537958,1.0921488120190266,1.0914536248487046
1989,2,10.98,9.753333333333334,9.753333333333334,3114552,2563467,1.2149764362092432,11.850070174494153,223284,4780780,21.411207251751133,28.340506721434828,51.20682444044598,26.487476171898233,47.858690585057396,0.9654397066255124,0.965439336649971,1.092034700088739,1.0920342815994983
1989,3,11.08,9.843333333333334,9.843333333333334,3155045,2592251,1.2171062910188866,11.980382924595908,223852,4850477,21.668231688794382,28.445231890193458,51.447259984720716,26.569271648940855,48.0543182563745,0.9690072446796634,0.9684206917094152,1.0971622189370929,1.0964980920568295
1989,4,11.17,9.943333333333333,9.943333333333333,3209749,2635680,1.217806789898622,12.109058847558632,224279,4889204,21.79965132714164,28.504716068152778,51.31636399555399,26.64619547179461,47.970513463736,0.9710336159045105,0.9712244803386731,1.0943707362815194,1.0945858436144922
1990,1,11.336666666666666,10.066666666666666,10.066666666666666,3272763,2684433,1.2191635999110426,12.27291357243783,224835,5002680,22.250450330242177,28.433585775677123,51.54929872831459,26.56008395256584,48.15269212689815,0.9686105114281202,0.9680858102946639,1.0993382931220397,1.0987427760987911
1990,2,11.423333333333334,10.16,10.16,3334711,2738832,1.2175668314084251,12.3704790071096,224402,5077798,22.6281316565806,28.405738762662743,51.959895502393515,26.534911464178347,48.53777042603228,0.967661882938896,0.9671683008146013,1.1080946635851243,1.1075294499215345
1990,3,11.503333333333334,10.246666666666666,10.246666666666666,3372521,2769310,1.2178199623732988,12.478595214451735,223961,5120102,22.861578578413205,28.183476021379846,51.63391716796776,26.335099826032756,48.24757464253209,0.9600903430985146,0.9598853866504015,1.1011428625984403,1.1009077947929928
1990,4,11.583333333333334,10.32,10.32,3381496,2772219,1.2197795340122841,12.588124791006772,223414,5097868,22.818032889613004,28.00385114011888,50.76155558988178,26.176528446824594,47.449234651872516,0.9539712925687628,0.9541056345078843,1.082538914302408,1.0826913616329037
1991,1,11.656666666666666,10.39,10.39,3387532,2771729,1.2221728747651737,12.698376168810155,222012,5116207,23.044731816298217,28.096095269105728,50.98817139722319,26.245367998962426,47.62951253891041,0.9571136550431653,0.9566147603724973,1.0873717139909194,1.0868049224188976
1991,2,11.736666666666666,10.486666666666666,10.486666666666666,3427613,2800145,1.2240841099300215,12.836562032799492,220988,5197916,23.521259072890835,28.276518980242578,51.812886263032446,26.402650565649253,48.37927652114547,0.9632599182861052,0.96234753671794,1.1049595503971812,1.1039129536186663
1991,3,11.799999999999999,10.56,10.56,3469924,2828083,1.226952674302699,12.956620240636502,221138,5268156,23.82293409545171,28.36483420879315,52.153537221470465,26.521312911338974,48.76391202931812,0.9662684399466563,0.9666726485392602,1.11222425917961,1.1126895238864731
1991,4,11.856666666666667,10.613333333333333,10.613333333333333,3516988,2857955,1.2305960030861227,13.060725579420716,220994,5320667,24.07606993855037,28.403601175381063,52.35904270760252,26.54276488720984,48.92878729447333,0.9675890644936086,0.967454549435374,1.116606860998159,1.1164516293585671
1992,1,11.893333333333333,10.67,10.67,3595670,2912856,1.2344139222810877,13.171196550739205,220111,5414933,24.600919536052263,28.473866609047917,53.182966227176976,26.608319872692856,49.6985322218823,0.9699827069338102,0.9698439564626078,1.1341778211861113,1.1340155835441494
1992,2,11.98,10.743333333333334,10.743333333333334,3651900,2951982,1.237101039233979,13.290588831503715,221119,5515582,24.94395325593911,28.535177900579576,53.55520005364818,26.6595419839479,50.03498170796277,0.9720713200941523,0.9717109460085709,1.1421160649552815,1.1416926505164147
1992,3,12.023333333333333,10.803333333333333,10.803333333333333,3688514,2976554,1.2391893444567106,13.387375551280662,221125,5603289,25.33991633691351,28.574574038909272,54.08657677042869,26.69627879569567,50.53129858041018,0.9734133778281601,0.9730499623396938,1.1534481836696224,1.1530175537392797
1992,4,12.076666666666666,10.87,10.87,3736905,3020771,1.2370699400914535,13.4469502487941,222301,5706526,25.670266890387357,28.48074204957506,54.36981888993262,26.62777924702999,50.832507544294394,0.9702169237511271,0.9705532292272059,1.1594885938376989,1.1598905063935534
1993,1,12.15,10.956666666666667,10.956666666666667,3745569,3015937,1.2419254778863087,13.60736348604099,223775,5743293,25.665480951848956,28.667341736221708,54.07080615035512,26.789496863143196,50.52891562395262,0.9765735760334344,0.976447658240061,1.1531118600535724,1.1529631797037305
1993,2,12.243333333333334,11.01,11.01,3800220,3066450,1.2392897324267476,13.644579954018491,226103,5811403,25.70245861399451,28.54497799165222,53.77051678690548,26.677506323891322,50.25273804874098,0.972405167231858,0.972365726415952,1.1467079010395556,1.1466613904935947
1993,3,12.303333333333333,11.07,11.07,3834110,3093619,1.2393607616193203,13.719723631125875,226811,5873403,25.895582665743724,28.58240414589578,53.948463485557916,26.701658920532164,50.398611114908554,0.9736801160437539,0.9732460619650236,1.1505027852530982,1.1499899059015521
1993,4,12.403333333333332,11.153333333333334,11.153333333333334,3889258,3141356,1.2380825350581086,13.808747207681439,228503,5992138,26.22345439666,28.58232549329517,54.27916796876231,26.722046644216295,50.74641175053317,0.9736774366864508,0.973989172040958,1.1575553759005444,1.157925982142275
1994,1,12.51,11.236666666666666,11.236666666666666,3913385,3152713,1.2412753714023446,13.947797589991012,229903,6082367,26.456231541128215,28.786152766113744,54.601675844873256,26.899323923554093,51.022732257890134,0.980620959059091,0.980450733642987,1.1644331660313243,1.1642310327622136
1994,2,12.57,11.29,11.29,3991532,3223321,1.2383290401421392,13.98073486320475,233441,6199961,26.559006344215454,28.700323670596532,54.52160318514775,26.81085682334981,50.932209460552976,0.9776971293050732,0.9772262052665467,1.1627255396767482,1.1621654936354635
1994,3,12.656666666666666,11.36,11.36,4031752,3258704,1.2372255964334287,14.05488277548375,235624,6268804,26.60511662648966,28.630159427345543,54.19531011159953,26.771954760467924,50.67783133444448,0.9753069339890311,0.9758082679161075,1.1557670265760644,1.1563611218316463
1994,4,12.753333333333334,11.446666666666667,11.446666666666667,4088097,3311620,1.2344704404490854,14.130571641673864,236300,6375381,26.980029623360135,28.654426832875284,54.71097025624662,26.796100738558795,51.16279865031838,0.9761336205795527,0.9766883622263215,1.1667639742985756,1.1674270521342807
1995,1,12.82,11.516666666666667,11.516666666666667,4134442,3358102,1.231184162958719,14.179137610074582,237692,6423138,27.022945660771082,28.580917578315432,54.470208548158126,26.70953828874514,50.90368833773157,0.9736294750519482,0.9735332562590887,1.1616294996937104,1.161514701825451
1995,2,12.9,11.596666666666668,11.596666666666668,4172863,3395188,1.2290521172907067,14.25290772018123,237640,6465244,27.206042753745162,28.507930428894912,54.41612261132676,26.67128276350745,50.910317628295395,0.9711431154107254,0.9721388844937691,1.1604760651573558,1.1616659682405968
1995,3,13.016666666666666,11.696666666666667,11.696666666666667,4219726,3438905,1.2270551236512786,14.352454762974455,239530,6552363,27.355082870621633,28.57136874171211,54.455643481481175,26.681448690513168,50.8535475004671,0.9733041870781113,0.9725094213377152,1.1613188856614178,1.1603705937746134
1995,4,13.076666666666666,11.78,11.78,4265315,3479893,1.2257029167276121,14.43878035905127,239577,6628727,27.668461496721303,28.620635361713543,54.84458713445684,26.725098357721663,51.21224483778339,0.9749824898561149,0.9741004036374735,1.1696134825256048,1.1685553097432142
1996,1,13.186666666666667,11.873333333333333,11.873333333333333,4314538,3524438,1.2241775851923058,14.535068528183311,239327,6712893,28.049041687732682,28.584503748378008,55.16093272672145,26.699947695939322,51.52421156677462,0.9737516405095794,0.9731836897131317,1.1763598560363242,1.175673731885822
1996,2,13.33,11.983333333333333,11.983333333333333,4387502,3589950,1.2221624256605246,14.645579734165285,241925,6865280,28.37772036788261,28.556020430611007,55.33101299561547,26.67251726746804,51.6814800275892,0.9727813358421651,0.9721838808036126,1.1799869810819068,1.1792622661420753
1996,3,13.45,12.09,12.09,4451230,3647237,1.2204389240403077,14.755106591647321,244005,6949528,28.481088502284788,28.620532702376494,55.24486860300715,26.75739478933059,51.648541089964205,0.974978992692101,0.9752775730025852,1.1781498691935146,1.178510669124977
1996,4,13.53,12.196666666666667,12.196666666666667,4514499,3704252,1.218734308572959,14.864496116894857,246000,7063561,28.713662601626016,28.60221886647049,55.25074349854634,26.72780961399382,51.629957806940645,0.9743551187247768,0.9741992259427733,1.1782751569819745,1.17808663783874
1997,1,13.67,12.316666666666666,12.316666666666666,4592404,3776357,1.2160937114790789,14.978220879717322,247241,7149353,28.9165348789238,28.669616477947994,55.34876081127718,26.762556424789032,51.667043938077086,0.9766510667433381,0.9754657089307003,1.1803654702923811,1.1789328650563635
1997,2,13.75,12.423333333333334,12.423333333333334,4659976,3835645,1.2149132675208472,15.093272493500658,248698,7287601,29.30301409741936,28.820260651635557,55.95343915839575,26.93982844852531,52.302651605152505,0.981782868664853,0.9819270789718417,1.1932608166580547,1.1934360901469085
1997,3,13.843333333333334,12.556666666666667,12.556666666666667,4738859,3902961,1.2141702158950602,15.245930677588973,249859,7415017,29.676805718425193,28.97629718037532,56.403505961457014,27.070279835677287,52.69336798229776,0.9870983650322994,0.9866818883715645,1.2028589233883893,1.2023514130069575
1997,4,14.02,12.706666666666667,12.706666666666667,4844037,3992413,1.2133105968746218,15.417133317620195,251036,7500934,29.879913637884606,29.15369528454021,56.50271547770014,27.260440512756702,52.833402388816744,0.9931415588017085,0.9936130356331989,1.2049746615834518,1.2055467025281028
1998,1,14.11,12.83,12.83,4941988,4074893,1.2127896364395334,15.560091035519214,252595,7585134,30.02883667531028,29.38692266607307,56.712720967704534,27.456135737985665,52.986567618986285,1.0010866169835306,1.0007459110798624,1.209453230305491,1.2090416097236298
1998,2,14.18,12.96,12.96,5028314,4145492,1.2129595232604478,15.719955421455404,253945,7669665,30.20207131465475,29.605879436327708,56.88049731035788,27.652165637947924,53.12691138182805,1.008545536547535,1.0078909850519877,1.2130312219117565,1.2122439581029592
1998,3,14.246666666666666,13.06,13.06,5114859,4217415,1.2127948044003258,15.839100145468256,254260,7802329,30.686419413199086,29.69335616978674,57.52743355639924,27.746971521566945,53.75653905443012,1.0115254942708516,1.0113465551031944,1.2268277585480782,1.2266107323443722
1998,4,14.376666666666667,13.173333333333334,13.173333333333334,5199394,4288664,1.212357508072444,15.970789573007663,256872,7955194,30.969486748263726,29.815827237475112,57.81685760108681,27.86288519352414,54.02984303466318,1.0156975591115183,1.015571480793991,1.233000004206593,1.2328469521837275
1999,1,14.463333333333333,13.303333333333333,13.303333333333333,5286953,4364622,1.2113197889759983,16.1145909260107,256449,8052995,31.401935667520636,29.976341580416538,58.41384085875112,28.027524708736397,54.616250072037424,1.02116559543429,1.0215724098112122,1.2457312454008138,1.246227522775097
1999,2,14.653333333333334,13.423333333333334,13.423333333333334,5343904,4409322,1.211955942432873,16.268488600590597,258563,8143002,31.493299505342993,30.042876811530434,58.1584030733687,28.06561775821968,54.33073271662113,1.023432165846677,1.022960859514213,1.2402837893556564,1.2397126194985002
1999,3,14.806666666666667,13.549999999999999,13.549999999999999,5423980,4473677,1.2124210129609267,16.428304725620556,259596.99999999997,8275971,31.880071803603283,30.10292542096785,58.416461098527556,28.14153709796633,54.61027405632345,1.025477764835021,1.0257280358404224,1.2457871245300058,1.2460911627128541
1999,4,14.91,13.666666666666666,13.666666666666666,5555892,4584082,1.2119966440390901,16.5639541352009,261016.00000000003,8456974,32.40021301376161,30.130301995731838,58.936905696692676,28.147138845131597,55.05770463177672,1.0264103675075262,1.0259322133555702,1.256886105317831,1.2563005838453103
2000,1,15.056666666666667,13.8,13.8,5749187,4751494,1.2099745890450455,16.69764932882163,262559,8523209,32.46207138205127,30.069153681120476,58.45775018819894,28.121486641906525,54.67127071373189,1.024327306272972,1.0249972187979726,1.2466676540131154,1.2474829776609588
2000,2,15.186666666666667,13.936666666666667,13.936666666666667,5791743,4779055,1.2119013068483204,16.88986454644276,263231,8741587,33.20880519391713,30.185426176279762,59.3505018839577,28.277224009349542,55.59860003430417,1.0282882122905874,1.0306736743326572,1.265706441147152,1.2686426750120074
2000,3,15.32,14.07,14.07,5903946,4871279,1.2119909370824378,17.0527124847499,262784,8793202,33.46170999756454,30.19223848442715,59.24476409525449,28.326820250546465,55.58434443931375,1.0285202784580665,1.0324814027055207,1.2634514812734177,1.2683173924302271
2000,4,15.48,14.23,14.23,5943706,4897955,1.2135076782044751,17.268214260849682,261990,8900900,33.97419748845376,30.370336641700533,59.7518538552803,28.54541541079233,56.161428501321524,1.0345873200391724,1.0404489555645797,1.2742656573145796,1.281485232406065
2001,1,15.563333333333333,14.356666666666666,14.356666666666666,6050126,4979459,1.2150167317373233,17.443590211975504,262171,8903787,33.96175396973731,30.373614838808663,59.135832806884025,28.6128707334333,55.70775651159418,1.034698994177022,1.04290762778844,1.2611284169528745,1.2711333953765247
2001,2,15.7,14.496666666666666,14.496666666666666,6040919,4961391,1.21758575367271,17.650934809075384,260521.00000000003,9004980,34.56527496823672,30.525654386903657,59.77743665599984,28.78642388325717,56.371555820681365,1.039878330529441,1.0492334489709518,1.2748112351045808,1.2862798942205944
2001,3,15.856666666666667,14.593333333333334,14.593333333333334,6024567,4935931,1.2205533262114077,17.81194154051181,258769,8986441,34.727656713130244,30.717395090143125,59.889212491847815,28.965690784331347,56.47394270462193,1.0464101152326297,1.0557675300941645,1.277194962131422,1.2886161467566002
2001,4,15.993333333333332,14.703333333333333,14.703333333333333,6037783,4937759,1.2227779849117788,17.97891230481952,257206.00000000003,9034474,35.12544030854645,31.037110522113515,60.63727073756374,29.265196010045933,57.175477478313404,1.0573014509408825,1.0666841657358745,1.2931480225083523,1.3046236892371799
2002,1,16.143333333333334,14.786666666666667,14.786666666666667,6060732,4945871,1.2254124703212033,18.119765727816194,255452,9145970,35.80308629409831,31.168494416186128,61.58624300129545,29.438129420262985,58.16719177293335,1.0617771376106924,1.0729873980922173,1.3133857672375149,1.3272525157687478
2002,2,16.25,14.883333333333333,14.883333333333333,6129140,4998318,1.226240507306658,18.25054621708076,256522,9238209,36.01332049492831,31.15095763708137,61.469361396877126,29.453680375004147,58.12016903403515,1.061179734641138,1.0735542132667606,1.3108931547933416,1.3261795561398113
2002,3,16.383333333333333,15.013333333333334,15.013333333333334,6156900,5012121,1.22840210761073,18.442410308929094,256201.00000000003,9319637,36.37627097474248,31.315853937270756,61.76817289853287,29.62279502878979,58.42874119739089,1.066797045483293,1.0797182561566534,1.3172655969855576,1.3332205214611024
2002,4,16.54,15.153333333333332,15.153333333333332,6193688,5027065,1.2320684136767677,18.669943361915283,256355.00000000003,9380693,36.5925884028008,31.511666237823206,61.762020921782124,29.847343664114565,58.49999330184601,1.0734675320718774,1.0879028066259657,1.3171344001742074,1.3348463440598801
2003,1,16.65,15.256666666666666,15.256666666666666,6213197,5027006,1.2359637127944545,18.856686378200727,255063,9479101,37.16376346236028,31.503380725305853,62.08854334521,29.865198816870983,58.859927047928146,1.0731852801399477,1.088553607280625,1.3240978043812972,1.3430592722662558
2003,2,16.753333333333334,15.323333333333332,15.323333333333332,6307294,5101360,1.2363946084965578,18.94568671752892,253967,9603972,37.81582646564318,31.707091043651882,63.28774831517313,30.062139091899894,60.004403748189404,1.080124818374521,1.0957318634213626,1.3496720018447947,1.3691738143880452
2003,3,16.86,15.413333333333334,15.413333333333334,6393691,5168728,1.2369950595194794,19.066217184060243,254824,9840956,38.61863874674285,31.668951500178437,64.14548757453443,30.029292064894882,60.82435602611999,1.0788255674463791,1.094534625460417,1.3679641151536432,1.3878833943165727
2003,4,16.93,15.450000000000001,15.450000000000001,6500239,5255981,1.236731829890557,19.107506771809106,255876,10025378,39.180610920914816,31.612873913982444,64.82330362133433,29.983274002626647,61.481752007819274,1.076915244215483,1.0928573177689693,1.382419193191988,1.4028837827481258
2004,1,17.046666666666667,15.533333333333333,15.533333333333333,6541308,5274461,1.240185110857773,19.26420872199074,256906,10149461,39.506516001961806,31.600616936073166,64.8056868918636,29.980255293784307,61.482693247334886,1.076497701463931,1.092747289156074,1.3820434995204054,1.4029052598467608
2004,2,17.13,15.63,15.63,6668454,5380726,1.239322351667786,19.370608356567498,257152,10309206,40.089931246889,31.537194110179165,65.27022385273787,29.954004376837556,61.99361186450744,1.0743371573697014,1.0917904721426657,1.391950196260377,1.414563344057574
2004,3,17.233333333333334,15.733333333333333,15.733333333333333,6803703,5492772,1.2386647397707387,19.48832523905962,258308,10470161,40.53363039472258,31.523237237163645,65.56495908921944,29.972550842351186,62.33969737922523,1.0738617064710299,1.0924664703860043,1.3982357081837158,1.4224602848601045
2004,4,17.336666666666666,15.836666666666666,15.836666666666666,6864486,5536095,1.2399509040216976,19.636689150023617,258966,10652601,41.135133569657796,31.423831539020345,65.82695778053157,29.87657266922198,62.58574436671549,1.0704753800021463,1.0889681716731565,1.4038230818476194,1.4280745576690548
2005,1,17.42,15.933333333333334,15.933333333333334,6926266,5574624,1.2424633482007037,19.796582681331213,260135,10855684,41.730962769331306,31.52997021879516,66.46480528982829,30.012466257526196,63.26592484013596,1.0740910703237987,1.0939213433115553,1.4174257924458384,1.4435948400998833
2005,2,17.546666666666667,16.043333333333333,16.043333333333333,7005581,5637841,1.2425999598073092,19.935445355175265,261173.99999999997,10973687,42.01676660004442,31.535015601737747,66.46449912005619,30.062227437192487,63.360390059109534,1.074262944915731,1.095735083509986,1.4174192630814635,1.4457503369652773
2005,3,17.650000000000002,16.17,16.17,7122646,5738267,1.2412538489408038,20.0710747373728,262312,11152967,42.517944280093936,31.27968740722025,66.2619228756372,29.84344241981742,63.21942589199281,1.0655650066737956,1.0877606105676512,1.4130991301551095,1.4425338322701688
2005,4,17.743333333333332,16.316666666666666,16.316666666666666,7209936,5814784,1.239931870212204,20.231555015629127,262904,11290244,42.94435991844932,31.233665107738517,66.29790715161818,29.847246384722588,63.35503575132896,1.0639972240033373,1.087899260899259,1.4138665293925783,1.4456281629655472
2006,1,17.8,16.476666666666667,16.476666666666667,7379713,5971384,1.2358463297620785,20.362628026713182,265213,11528732,43.469709252563035,31.271261612403666,66.75723037658621,29.9109069718818,63.85317395389441,1.0652779759246362,1.0902196191938307,1.4236620382081098,1.456994625096579
2006,2,17.933333333333334,16.666666666666664,16.666666666666664,7428027,6012628,1.2354043855698373,20.590073092830618,266249,11646330,43.74224879717858,31.345560788148173,66.59157121495032,29.98605679015829,63.70339486643901,1.0678090306844668,1.0929587473099023,1.4201291975199628,1.4535769825290856
2006,3,18.063333333333333,16.823333333333334,16.823333333333334,7487328,6061887,1.2351480652806626,20.77930761823835,267163,11729080,43.902336775676275,31.329338633807012,66.1923487023871,29.979306411046164,63.340012600021495,1.0672564113512308,1.0927127034252433,1.4116153941052894,1.4452853663690493
2006,4,18.253333333333334,16.986666666666668,16.986666666666668,7623638,6181056,1.2333876282628728,20.951144512092004,268583,11861529,44.16336476992215,31.71969862725914,66.86262987013149,30.355959808405874,63.98797570156522,1.0805543047608686,1.1064413049625885,1.4259097836127692,1.4600705163898107
2007,1,18.41,17.153333333333332,17.153333333333332,7805987,6343751,1.2305002198226254,21.10718043735743,268100,12000976,44.76305856023872,31.643163732081064,67.1072479516692,30.32374486819678,64.30909004304566,1.0779470886135492,1.1052671058692567,1.4311264990843366,1.4673976677373106
2007,2,18.633333333333333,17.343333333333334,17.343333333333334,7845158,6370332,1.231514778193664,21.358571303138778,269293,12161154,45.1595622611802,31.664340364607085,66.94959741733919,30.402451704300468,64.2815191684247,1.0786684858028865,1.108135883367899,1.4277644500633881,1.4667685585851022
2007,3,18.74,17.503333333333334,17.503333333333334,7885205,6397562,1.2325327992132002,21.57343242889505,268932,12298516,45.73095057486651,31.78361522669979,67.37430132239871,30.504080267290508,64.66196752107061,1.082731669605436,1.1118401325685794,1.4368216686403295,1.4754495868035615
2007,4,18.863333333333333,17.633333333333333,17.633333333333333,7977549,6473921,1.2322592444362543,21.72883801022595,269021,12425262,46.18695938235305,31.618590903577196,67.20868244788264,30.37038081790825,64.55547897237678,1.0771099975701561,1.1069669348775506,1.4332896871136964,1.4730197429371739
2008,1,19.063333333333333,17.803333333333335,17.803333333333335,8054870,6539394,1.231745632699299,21.92917808082319,268440,12386744,46.14343614960512,31.569303786330845,66.42821487349433,30.351124422685306,63.86491854392051,1.0754309965387898,1.1062650604781303,1.4166454666833248,1.4572626118462173
2008,2,19.213333333333335,17.976666666666667,17.976666666666667,8054881,6532655,1.2330179689574912,22.165553021959166,267741,12518501,46.756010472807674,31.5057987116933,66.45832175081458,30.28402063482132,63.88110346525771,1.0732676505820666,1.103819201309757,1.4172875247508636,1.4576319175821066
2008,3,19.436666666666667,18.16,18.16,8074387,6547155,1.2332665104155927,22.396119829147164,265600,12522958,47.14969126506024,31.350846316032264,66.00173315627242,30.115256782118045,63.400493946140294,1.0679890859862273,1.0976679447329902,1.4075503345549618,1.4466654230014309
2008,4,19.636666666666667,18.313333333333333,18.313333333333333,8043164,6517178,1.2341482770610224,22.601368780577523,260603,12215395,46.87357781759995,32.37792005456525,67.14942665569453,31.05406162824101,64.40384157329363,1.1029770902078349,1.131886347498231,1.4320260004477536,1.4695596976215364
2009,1,19.77,18.443333333333335,18.443333333333335,7730374,6225578,1.2417118539033645,22.901305625491055,254890,12043461,47.249641021617165,33.02875010977894,68.14443733472908,31.748264766878798,65.5025585800903,1.1251480832583345,1.157189287397724,1.4532455585894288,1.4946301001446876
2009,2,19.85,18.536666666666665,18.536666666666665,7761958,6254486,1.2410225236734083,23.00442084715941,250385,12012181,47.974842742177046,33.000914069695796,68.8221482888255,31.761785601475772,66.2379931042558,1.1241998285698902,1.1576821069287184,1.4676983954249616,1.5114111633631475
2009,3,19.933333333333334,18.653333333333332,18.653333333333332,7746527,6237216,1.2419847252363876,23.167155074742748,247799,12089901,48.7891436204343,32.957264723214514,69.40674056568169,31.70340368635351,66.76615711855088,1.1227128822468941,1.1555541504166595,1.4801653870556044,1.5234627511284322
2009,4,20.04,18.793333333333333,18.793333333333333,7797217,6279158,1.2417615546543024,23.336838817136524,247427,12281619,49.637343539710706,32.93793198075217,70.05882236353514,31.706040597403533,67.43859533630024,1.1220542984962727,1.1556502629204866,1.4940716575250885,1.5388063716300187
2010,1,20.116666666666667,18.9,18.9,7767627,6233246,1.2461608285634804,23.552439659849778,248223,12390059,49.915032047795734,33.19010289337326,70.3402735987704,31.973423672310034,67.76174741684002,1.130644681663849,1.1653960815403457,1.5000738753665246,1.5461800198808513
2010,2,20.203333333333333,19,19,7910633,6360695,1.243674315463955,23.629811993815142,251161,12597469,50.15694713749348,33.309583336606806,70.70335604123349,32.104081630574726,68.14454239686613,1.1347148687355444,1.1701584202296367,1.5078169570845446,1.554914593182011
2010,3,20.316666666666666,19.086666666666666,19.086666666666666,7982234,6422530,1.2428488461712128,23.721841643921216,250672,12749833,50.8626132954618,33.341679199000424,71.48875543373615,32.15207381379282,68.93809180524343,1.1358082373290477,1.17190768245567,1.5245663532717462,1.5730217153681239
2010,4,20.456666666666667,19.21,19.21,8040983,6473571,1.242124787076561,23.86121715974074,251509,12896958,51.27831608411628,33.26699897560462,71.49156211189525,32.08532046539051,68.95210724038085,1.1332642019074284,1.169474596419747,1.5246262083784672,1.5733415180090757
2011,1,20.563333333333333,19.316666666666666,19.316666666666666,8170086,6577279,1.2421680758867002,23.99454666587809,251994,12914215,51.24810511361382,33.100245062876965,70.69626535936963,31.936403660922245,68.21050610192262,1.1275836101606096,1.164046742894223,1.5076657414853107,1.556419745671191
2011,2,20.616666666666667,19.393333333333334,19.393333333333334,8206445,6608231,1.2418520175823151,24.083650127646365,254078,13093952,51.535166366233994,32.84665790453763,70.28660401198705,31.707653921924514,67.84931732891953,1.118944981565943,1.1557090668225733,1.4989293198947242,1.548178180400047
2011,3,20.7,19.476666666666667,19.476666666666667,8287289,6681614,1.2403124454660206,24.15715206285986,254346,13160104,51.74095130255636,32.734920343348556,70.11322837108246,31.584408654054286,67.64900704507946,1.1151385613295737,1.1512169125348002,1.4952319178767932,1.5436075226107056
2011,4,20.766666666666666,19.563333333333333,19.563333333333333,8240879,6637603,1.241544424998,24.28874743437754,256197,13333202,52.04277177328384,32.75845774144235,70.19056641305713,31.610680478864726,67.73125844403658,1.1159403796927299,1.152174491616815,1.4968812258820472,1.545484325888703
2012,1,20.83,19.606666666666666,19.606666666666666,8456399,6836284,1.2369876675691063,24.253204868804943,257437,13530535,52.558625993932495,32.528253574788245,70.49131540022051,31.3962720561927,68.03822132091261,1.1080983094960664,1.1443595407316016,1.5032949868130911,1.552488570689995
2012,2,20.903333333333332,19.686666666666667,19.686666666666667,8503777,6875985,1.2367358276668725,24.347205994001833,257829,13643221,52.91577363291174,32.583001349597964,70.8153011117968,31.470058811395987,68.39645208934868,1.1099633317474404,1.1470489866997529,1.51020429320419,1.5606626405417527
2012,3,20.953333333333333,19.756666666666664,19.756666666666664,8546085,6906053,1.2374774708505711,24.448429899104447,260012,13729394,52.8029244804086,32.569716012060574,70.34301433795488,31.481286342450165,67.9922593044474,1.1095107571869152,1.1474582178421544,1.5001323242612972,1.5514398145076198
2012,4,21.023333333333333,19.85,19.85,8763190,7094176,1.2352653782482983,24.52001775822872,260209,13810510,53.07468227463308,32.4406477584575,70.21924247936586,31.383408733443986,67.93080101516243,1.1051139544720585,1.1438906867833794,1.4974927705308976,1.5500374660946734
2013,1,21.13,19.976666666666667,19.976666666666667,8732585,7043853,1.2397454915654826,24.76598243650646,261132.99999999997,14014978,53.6698846947724,32.63154225431775,70.71518825032622,31.603102869090385,68.48647701861053,1.1116169125133963,1.151898296085521,1.5080692903047581,1.5627168193701053
2013,2,21.213333333333335,20.07,20.07,8819553,7102954,1.241673957060682,24.92039631820789,261564.00000000003,14064334,53.77014420944778,32.873558619409295,70.93049264035493,31.847929479542913,68.71751713018082,1.1198613737296044,1.1608219564167503,1.5126608631578302,1.5679886669525402
2013,3,21.236666666666665,20.183333333333334,20.183333333333334,8845560,7112863,1.2436005023574894,25.100003472581996,262765,14259065,54.26546533975225,32.92680747512727,71.18678416686332,31.909645670300424,68.98771042071641,1.1216753342260701,1.1630714436037821,1.518126526052263,1.5741539074201756
2013,4,21.34,20.303333333333335,20.303333333333335,8942457,7196308,1.2426451174685686,25.229838035003507,263980,14457945,54.769092355481476,32.968782052720535,71.56884109156907,31.979101712027543,69.42043673373621,1.1231052283446084,1.1656030398350044,1.5262742568234438,1.5840278083270114
2014,1,21.473333333333333,20.46666666666667,20.46666666666667,9114238,7358624,1.2385791147910261,25.349585882723005,263921,14423011,54.64897071472145,32.917829297998395,70.96468942810505,31.94047821223099,68.85770310054903,1.121369486176897,1.1641952558022528,1.5133901424924263,1.5711874148407485
2014,2,21.533333333333335,20.546666666666667,20.546666666666667,9172447,7409380,1.2379506787342531,25.435759945726456,266739,14716713,55.17270815291352,32.84619738536568,71.24668836876043,31.907247542537394,69.21001221836718,1.1189292936497517,1.1629840344878017,1.5194040406778546,1.579226365126982
2014,3,21.643333333333334,20.64666666666667,20.64666666666667,9280613,7503016,1.2369176608446524,25.538226637572592,268330,14966200,55.775351246599335,32.899718708576984,71.85281080501888,31.96506512914715,69.81153235501506,1.1207525359469774,1.1650914218470565,1.532330183631053,1.5929517847375425
2014,4,21.68,20.726666666666667,20.726666666666667,9433535,7634308,1.2356765013934465,25.611454952214835,270933,15047888,55.540993529765665,33.073079258565215,71.72226976314538,32.15135415034497,69.72341696983867,1.1266581875348685,1.1718814515155385,1.5295462705673288,1.590941177673859
2015,1,21.75,20.85,20.85,9563849,7746184,1.234652959444289,25.74251420441343,272404,15172323,55.69787154373651,33.447402059117856,72.36857630017586,32.55614621688271,70.44020780363999,1.1394097624555615,1.1866356765562007,1.5433293780543458,1.6072968312380984
2015,2,21.923333333333336,20.96666666666667,20.96666666666667,9666156,7830788,1.2343784559101842,25.880801625583533,272817,15366922,56.32684913330181,33.39530204013407,72.68137080870909,32.513473829481235,70.76216423614947,1.137634937907176,1.1850803150291611,1.5500000212947356,1.6146431973250888
2015,3,21.993333333333332,21.073333333333334,21.073333333333334,9751718,7902978,1.2339295389661973,26.003008484480997,272996,15464802,56.64845638763938,33.42500012991792,72.817522758820445,32.57077866870557,70.956571660806,1.138646624655408,1.1871690133108899,1.5529035923642376,1.6190791643297668
2015,4,22.16,21.21,21.21,9815952,7957979,1.2334729709641103,26.16196171414878,274595,15484276,56.389504543054315,33.632530466858505,72.49157193474765,32.81821303522646,70.73639176086681,1.1457162945657302,1.196187723478972,1.545952378062246,1.6140551238490641
2016,1,22.259999999999998,21.343333333333334,21.343333333333334,9851656,7992710,1.23258018869695,26.307369827421905,275660,15564500,56.462671406805484,33.83559521983014,72.62026220346672,33.049361947152626,70.93279472893362,1.1526338411523847,1.20461284676173,1.548696821611336,1.6185366249414448
2016,2,22.53,21.483333333333334,21.483333333333334,9905216,8039211,1.232112952378038,26.469893260254853,276301,15716782,56.88282706179131,33.77392003549557,72.57891196193536,32.985559293548356,70.88475372315533,1.150532831722479,1.2022873103016891,1.5478149880060943,1.6174404306120331
2016,3,22.686666666666667,21.60333333333333,21.60333333333333,9998495,8119315,1.2314456330367771,26.603330492371175,277423,15872394,57.213691727073815,33.80019716341513,72.69142716459874,33.05497820856345,71.0887433365614,1.1514279809489545,1.2048175533051444,1.5502144827402156,1.622095042934402
2016,4,22.793333333333333,21.726666666666667,21.726666666666667,10109063,8213718,1.2307536002575203,26.740173221595057,276681,16033540,57.94955201116087,33.75768426092346,73.15744231136438,33.03197868549978,71.58474071966931,1.1499797484062981,1.2039792460181176,1.5601527032136777,1.6334126560850344
2017,1,22.886666666666667,21.843333333333334,21.843333333333334,10224281,8310984,1.2302130529910777,26.871953787501777,277826,16190675,58.27631323202292,33.69368047458014,73.07036521436623,33.00302772024586,71.57256953622455,1.147799413477301,1.2029240152173901,1.558295700508588,1.6331349353741909
2017,2,23.033333333333335,21.973333333333333,21.973333333333333,10335907,8402114,1.2301555299059261,27.030617510466215,279592,16309668,58.33381498755329,33.8516857217852,73.05411987524211,33.17393967193581,71.59150021199721,1.153181975652577,1.209153567636588,1.5579492530529586,1.6335668934295593
2017,3,23.273333333333333,22.12333333333333,22.12333333333333,10478366,8518258,1.230106672044918,27.21405994120707,279711,16522135,59.068592225547086,33.91441512088851,73.61183012279486,33.30296112229728,72.28465854363712,1.1553188976653825,1.2138562574150409,1.5698429595965269,1.6493833031865666
2017,4,23.433333333333334,22.233333333333334,22.233333333333334,10658933,8666283,1.2299313327293835,27.345473297683295,281873,16830117,59.708155800662,33.81246074483746,73.8286608602076,33.2247500566852,72.54540929780433,1.1518457486539193,1.2110055502048416,1.5744670832731655,1.6553330849090195
2018,1,23.7,22.433333333333334,22.433333333333334,10783040,8762541,1.2305836857139956,27.606094016183967,282894,17079080,60.372719110338146,33.849044050226844,74.02564185283798,33.30352193016236,72.83262071396112,1.1530919852145312,1.2138766982441231,1.5786678920825552,1.6618866430752743
2018,2,23.86,22.596666666666668,22.596666666666668,10891035,8843404,1.2315433061748622,27.82877357519797,284555,17285721,60.74650243362443,33.93685325432855,74.07962601129319,33.40631182174435,72.92152479858514,1.1560832687889653,1.2176232765930457,1.5798191560973103,1.6639152465952787
2018,3,24.04,22.776666666666667,22.776666666666667,11042029,8969020,1.2311299339281214,28.04103612843618,285882,17464292,61.08916266151769,34.05398017615923,74.18873984274232,33.566363444384194,73.12643609235862,1.1600732814645198,1.2234569819785026,1.5821461133242845,1.6685908897178134
2018,4,24.293333333333333,23.003333333333334,23.003333333333334,11113516,9024330,1.2315059400531674,28.32874164102303,286398,17546557,61.26633915041306,34.25830868287721,74.09016556687759,33.791858016395636,73.08137650410421,1.1670338787297703,1.2316760107983138,1.5800439222402503,1.667562725042035
2019,1,24.453333333333333,23.22,23.22,11329719,9221954,1.2285594788262877,28.527151098346398,286528,17684654,61.72050899039535,34.41796183804253,74.46569465463112,33.95709168529546,73.46856948401854,1.1724725780727172,1.237698596063124,1.5880524406203829,1.6763976514157444
2019,2,24.636666666666667,23.39333333333333,23.39333333333333,11390093,9273261,1.228272664815538,28.73339187225148,287713,17919218,62.28157226124645,34.41419842243449,74.59510507458157,34.01217785295739,73.72369827166334,1.1723443746183382,1.2397064262097557,1.5908122420859725,1.68221915173105
2019,3,24.803333333333335,23.616666666666667,23.616666666666667,11454739,9328934,1.2278722306321386,28.998249180095673,288800,18191104,62.98858725761773,34.60841160780145,75.17470937182836,34.23041072542869,74.35363422984578,1.178960386200152,1.2476607740784076,1.603172860261977,1.6965929603985659
2019,4,25.009999999999998,23.806666666666665,23.806666666666665,11617106,9475690,1.225990508342928,29.186747368617308,288632,18371241,63.64935627373264,34.58533343134881,75.42238885394657,34.26270343272466,74.71880953872962,1.178174211551869,1.2488378076964135,1.6084548630404867,1.7049254900022768
2020,1,25.21666666666667,24.023333333333333,24.023333333333333,11780704,9626979,1.2237176376929877,29.397776716177873,284611,18136396,63.72345411807695,34.72245288795667,75.26537312106197,34.439130987753835,74.65123653915214,1.1828452842769033,1.2552683977831676,1.605106351769899,1.7033836168096126
2020,2,25.313333333333333,24.973333333333333,24.973333333333333,11050970,8998015,1.2281564322797862,30.671159968800527,249933,16309994,65.25746500062017,36.54026561953883,77.74486218343286,36.23030771314562,77.08538053198258,1.2447703799545837,1.320554816857695,1.6579838368353625,1.7589256438484857
2020,3,25.456666666666667,24.773333333333333,24.773333333333333,11565735,9433736,1.2259973143195866,30.372040133410557,268383,18007300,67.09553138611611,35.76349514792006,79.0059113788293,35.43404682231231,78.27811995046879,1.2183091362087974,1.2915319842836344,1.6848769217891753,1.7861414393096484
2020,4,25.67,24.98,24.98,11981318,9799848,1.2226024322009892,30.54060875638071,273422,18335917,67.06086927898998,35.721699533777816,78.43747457579886,35.41211690157027,77.75769505355281,1.2168853386086929,1.2907326628233118,1.6727544611503853,1.7742664418644074
2021,1,25.933333333333334,25.253333333333334,25.253333333333334,12078038,9878709,1.2226332408414906,30.875564775383776,275449,18863827,68.48391898318745,35.747443532674616,79.29004844308398,35.462076760923566,78.65708723187161,1.217762326412284,1.292553644677534,1.6909364175133892,1.794788672609125
2021,2,26.316666666666666,25.666666666666668,25.666666666666668,12390242,10169985,1.2183146779469194,31.27007673397093,279292,19473359,69.72401286109162,35.49683041074568,79.14855729784858,35.29555442898776,78.69976501441064,1.2092250105029472,1.2864840890642257,1.6879189829811612,1.7957624895068613
2021,3,26.706666666666667,26.12666666666667,26.12666666666667,12689904,10447693,1.214613025095588,31.733789635664063,282531,19912337,70.47841475802656,35.45294243672738,78.73837981959717,35.28050730082652,78.35541405451188,1.2077299351615962,1.2859356378136728,1.679171554404207,1.7879051275833708
2021,4,27.02,26.596666666666668,26.596666666666668,13025315,10754127,1.2111922241572932,32.213675855170145,286382,20633233,72.0479394654692,35.24416695225961,78.82582597849508,35.147827215936125,78.61035601716684,1.2006178484068903,1.2810995948357786,1.6810364277086831,1.7937223649468268
2022,1,27.42,26.993333333333332,26.993333333333332,13177366,10886700,1.210409582334408,32.672989325813454,287730,20888252,72.59671219546102,34.96619476956249,77.69202728722662,34.88810724620758,77.51852319176346,1.1911485264518886,1.271633087960522,1.6568570819415904,1.7688090449094334
2022,2,27.813333333333333,27.39666666666667,27.39666666666667,13295185,10988940,1.2098696507579438,33.1463955319318,288937,21284055,73.66330722614272,34.62339316296565,76.94573140895675,34.547805637142154,76.77774852430684,1.17947074363182,1.2592294690734342,1.640941605742676,1.7519061308949895
2022,3,28.169999999999998,27.756666666666668,27.756666666666668,13609216,11271419,1.2074092889280401,33.51365716301263,291193,21626456,74.26846112372206,34.55975708822946,76.58668713079717,34.52860741022682,76.51765740245379,1.1773029350626938,1.2585297148447674,1.6332846417558824,1.7459714005893534
2022,4,28.593333333333334,28.12,28.12,13674981,11317049,1.208352194993589,33.978863723219725,291324,21978123,75.44219837706471,34.69179700994385,77.02510164554275,34.630345831753594,76.88866353468369,1.1818009697850715,1.262237968268128,1.642634252249334,1.754436977271996
2023,1,29.026666666666667,28.436666666666667,28.436666666666667,13965216,11565438,1.207495643485357,34.33715111524527,293158,22306194,76.08932384584422,34.73920737689642,76.98025940990273,34.70439337316233,76.90311340569282,1.1834160379703935,1.2649369196062723,1.6416779485167055,1.754766692822375
2023,2,29.37,28.79,28.79,14154119,11733262,1.2063242941306518,34.73007642802146,293329,22505994,76.72611299939658,34.87237039431624,77.04047058394416,34.873589140533944,77.04316305311309,1.187952331754228,1.2711039189970461,1.6429620096180297,1.7579623301087117
2023,3,29.773333333333333,29.1,29.1,14368722,11917506,1.2056819606384088,35.0853450545777,294250,22998665,78.1602888700085,34.93502001851613,77.8254069349815,34.962022224860384,77.88556026238106,1.1900865361776793,1.2743272075321996,1.6597015310013703,1.7771840559854242
2023,4,30.21666666666667,29.406666666666666,29.406666666666666,14448136,11976041,1.2064200515011596,35.476792314477436,294811,23289739,78.99888063878214,35.09148628508412,78.14089030088387,35.125741401004724,78.21716878147171,1.195416671872746,1.2802945912039352,1.6664295167070033,1.7847506623110576
2024,1,30.676666666666666,29.71,29.71,14644888,12138938,1.2064389817297032,35.84330214718948,295078,23554505,79.82467347616563,35.12409085001578,78.2229570181924,35.16116317899037,78.30551879063306,1.1965273697833965,1.2815856760026336,1.6681796682542356,1.7867666229987482
